Overture Category code;Overture Taxonomy;Meta Taxonomy;MSFT Taxonomy
eat_and_drink;[eat_and_drink];[food_beverage,super_business];[not_available]
restaurant;[eat_and_drink,restaurant];[restaurant,food_beverage,super_business];[Restaurant]
afghan_restaurant;[eat and drink,restaurant,afghan restaurant];[afghani_restaurant,restaurant,food_beverage,super_business];[Restaurant|Afghan restaurant]
african_restaurant;[eat and drink,restaurant,african restaurant];[african_restaurant,restaurant,food_beverage,super_business];[Restaurant|African restaurant]
ethiopian_restaurant;[eat and drink,restaurant,african restaurant,ethiopian restaurant];[ethiopian_restaurant,african_restaurant,restaurant,food_beverage,super_business];[Restaurant|African restaurant|Ethiopian restaurant]
senegalese_restaurant;[eat and drink,restaurant,african restaurant,senegalese restaurant];[senegalese_restaurant,african_restaurant,restaurant,food_beverage,super_business];[Restaurant|African restaurant|Senegalese restaurant]
south_african_restaurant;[eat and drink,restaurant,african restaurant,south african restaurant];[south_african_restaurant,african_restaurant,restaurant,food_beverage,super_business];[Restaurant|African restaurant|South African restaurant]
moroccan_restaurant;[eat and drink,restaurant,african restaurant,moroccan restaurant];[moroccan_restaurant,restaurant,food_beverage,super_business];[Restaurant|Moroccan restaurant]
nigerian_restaurant;[eat and drink,restaurant,african restaurant,nigerian restaurant];[nigerian_restaurant,african_restaurant,restaurant,food_beverage,super_business];[not_available]
american_restaurant;[eat and drink,restaurant,american restaurant];"[american_restaurant,restaurant,food_beverage,super_business];[new_american_restaurant,restaurant,food_beverage,super_business]";"[Restaurant|American restaurant];[Restaurant|American restaurant|American (new) restaurant];[Restaurant|American restaurant|American (traditional) restaurant]"
arabian_restaurant;[eat and drink,restaurant,arabian restaurant];[arabian_restaurant,restaurant,food_beverage,super_business];[Restaurant|Arabian restaurant]
belgian_restaurant;[eat and drink,restaurant,belgian restaurant];[belgian_restaurant,restaurant,food_beverage,super_business];"[Restaurant|Belgian restaurant];[Restaurant|Belgian restaurant|Flemish]"
latin_american_restaurant;[eat and drink,restaurant,latin american restaurant];[latin_american_restaurant,restaurant,food_beverage,super_business];[Restaurant|Latin American restaurant]
argentine_restaurant;[eat and drink,restaurant,latin american restaurant,argentine restaurant];[argentine_restaurant,latin_american_restaurant,restaurant,food_beverage,super_business];[Restaurant|Argentine restaurant]
belizean_restaurant;[eat and drink,restaurant,latin american restaurant,belizean restaurant];[belizean_restaurant,latin_american_restaurant,restaurant,food_beverage,super_business];[not_available]
bolivian_restaurant;[eat and drink,restaurant,latin american restaurant,bolivian restaurant];[bolivian_restaurant,latin_american_restaurant,restaurant,food_beverage,super_business];[not_available]
brazilian_restaurant;[eat and drink,restaurant,latin american restaurant,brazilian restaurant];[brazilian_restaurant,latin_american_restaurant,restaurant,food_beverage,super_business];[Restaurant|Brazilian restaurant]
chilean_restaurant;[eat and drink,restaurant,latin american restaurant,chilean restaurant];[chilean_restaurant,latin_american_restaurant,restaurant,food_beverage,super_business];[Restaurant|Chilean restaurant]
colombian_restaurant;[eat and drink,restaurant,latin american restaurant,colombian restaurant];[colombian_restaurant,latin_american_restaurant,restaurant,food_beverage,super_business];[Restaurant|Latin American restaurant|Colombian restaurant]
costa_rican_restaurant;[eat and drink,restaurant,latin american restaurant,costa rican restaurant];[costa_rican_restaurant,latin_american_restaurant,restaurant,food_beverage,super_business];[not_available]
cuban_restaurant;[eat and drink,restaurant,latin american restaurant,cuban restaurant];[cuban_restaurant,latin_american_restaurant,restaurant,food_beverage,super_business];[Restaurant|Cuban restaurant]
ecuadorian_restaurant;[eat and drink,restaurant,latin american restaurant,ecuadorian restaurant];[ecuadorian_restaurant,latin_american_restaurant,restaurant,food_beverage,super_business];[not_available]
guatemalan_restaurant;[eat and drink,restaurant,latin american restaurant,guatemalan restaurant];[guatemalan_restaurant,latin_american_restaurant,restaurant,food_beverage,super_business];[not_available]
honduran_restaurant;[eat and drink,restaurant,latin american restaurant,honduran restaurant];[honduran_restaurant,latin_american_restaurant,restaurant,food_beverage,super_business];[Restaurant|Honduran restaurant]
mexican_restaurant;[eat and drink,restaurant,latin american restaurant,mexican restaurant];[mexican_restaurant,latin_american_restaurant,restaurant,food_beverage,super_business];"[Restaurant|Mexican restaurant];[Restaurant|New mexican cuisine restaurant]"
nicaraguan_restaurant;[eat and drink,restaurant,latin american restaurant,nicaraguan restaurant];[nicaraguan_restaurant,latin_american_restaurant,restaurant,food_beverage,super_business];[Restaurant|Nicaraguan restaurant]
panamanian_restaurant;[eat and drink,restaurant,latin american restaurant,panamanian restaurant];[panamian_restaurant,latin_american_restaurant,restaurant,food_beverage,super_business];[not_available]
paraguayan_restaurant;[eat and drink,restaurant,latin american restaurant,paraguayan restaurant];[paraguayan_restaurant,latin_american_restaurant,restaurant,food_beverage,super_business];[not_available]
peruvian_restaurant;[eat and drink,restaurant,latin american restaurant,peruvian restaurant];[peruvian_restaurant,latin_american_restaurant,restaurant,food_beverage,super_business];[Restaurant|Peruvian restaurant]
puerto_rican_restaurant;[eat and drink,restaurant,latin american restaurant,puerto rican restaurant];[puerto_rican_restaurant,latin_american_restaurant,restaurant,food_beverage,super_business];[Restaurant|Caribbean restaurant|Puerto Rican restaurant]
salvadoran_restaurant;[eat and drink,restaurant,latin american restaurant,salvadoran restaurant];[salvadoran_restaurant,latin_american_restaurant,restaurant,food_beverage,super_business];[Restaurant|Latin American restaurant|Salvadoran restaurant]
texmex_restaurant;[eat and drink,restaurant,latin american restaurant,texmex restaurant];"[texmex_restaurant,mexican_restaurant,latin_american_restaurant,restaurant,food_beverage,super_business];[southwestern_restaurant,restaurant,food_beverage,super_business]";[Restaurant|Tex-Mex restaurant]
uruguayan_restaurant;[eat and drink,restaurant,latin american restaurant,uruguayan restaurant];[uruguayan_restaurant,latin_american_restaurant,restaurant,food_beverage,super_business];[not_available]
venezuelan_restaurant;[eat and drink,restaurant,latin american restaurant,venezuelan restaurant];[venezuelan_restaurant,latin_american_restaurant,restaurant,food_beverage,super_business];[Restaurant|Latin American restaurant|Venezuelan restaurant]
middle_eastern_restaurant;[eat and drink,restaurant,middle eastern restaurant];[middle_eastern_restaurant,restaurant,food_beverage,super_business];[Restaurant|Middle eastern restaurant]
armenian_restaurant;[eat and drink,restaurant,middle eastern restaurant,armenian restaurant];[armenian_restaurant,middle_eastern_restaurant,restaurant,food_beverage,super_business];[Restaurant|Armenian restaurant]
azerbaijani_restaurant;[eat and drink,restaurant,middle eastern restaurant,azerbaijani restaurant];[azerbaijani_restaurant,middle_eastern_restaurant,restaurant,food_beverage,super_business];[not_available]
egyptian_restaurant;[eat and drink,restaurant,middle eastern restaurant,egyptian restaurant];[egyptian_restaurant,restaurant,food_beverage,super_business];[Restaurant|Middle eastern restaurant|Egyptian restaurant]
georgian_restaurant;[eat and drink,restaurant,middle eastern restaurant,georgian restaurant];[georgian_restaurant,middle_eastern_restaurant,restaurant,food_beverage,super_business];[Restaurant|Georgian restaurant]
israeli_restaurant;[eat and drink,restaurant,middle eastern restaurant,israeli restaurant];[israeli_restaurant,middle_eastern_restaurant,restaurant,food_beverage,super_business];[Restaurant|Israeli restaurant]
kofta_restaurant;[eat and drink,restaurant,middle eastern restaurant,kofta restaurant];[not_available];[Restaurant|Middle eastern restaurant|Kofta restaurant]
kurdish_restaurant;[eat and drink,restaurant,middle eastern restaurant,kurdish restaurant];[kurdish_restaurant,middle_eastern_restaurant,restaurant,food_beverage,super_business];[not_available]
lebanese_restaurant;[eat and drink,restaurant,middle eastern restaurant,lebanese restaurant];[lebanese_restaurant,middle_eastern_restaurant,restaurant,food_beverage,super_business];[Restaurant|Middle eastern restaurant|Lebanese restaurant]
persian_iranian_restaurant;[eat and drink,restaurant,middle eastern restaurant,persian iranian restaurant];[persian_restaurant,middle_eastern_restaurant,restaurant,food_beverage,super_business];[Restaurant|Persian/Iranian restaurant]
syrian_restaurant;[eat and drink,restaurant,middle eastern restaurant,syrian restaurant];[syrian_restaurant,middle_eastern_restaurant,restaurant,food_beverage,super_business];[Restaurant|Syrian restaurant]
turkish_restaurant;[eat and drink,restaurant,middle eastern restaurant,turkish restaurant];[turkish_restaurant,middle_eastern_restaurant,restaurant,food_beverage,super_business];"[Restaurant|Turkish restaurant];[Restaurant|Turkish restaurant|Chee kufta];[Restaurant|Cig kofte restaurant]"
asian_restaurant;[eat and drink,restaurant,asian restaurant];[asian_restaurant,food_beverage,super_business];[not_available]
asian_fusion_restaurant;[eat and drink,restaurant,asian restaurant,asian fusion restaurant];[asian_fusion_restaurant,asian_restaurant,restaurant,food_beverage,super_business];[Restaurant|Asian fusion restaurant]
pan_asian_restaurant;[eat and drink,restaurant,asian restaurant,pan asian restaurant];[not_available];[Restaurant|Pan asian restaurant]
burmese_restaurant;[eat and drink,restaurant,asian restaurant,burmese restaurant];[burmese_restaurant,asian_restaurant,restaurant,food_beverage,super_business];[Restaurant|Burmese restaurant]
cambodian_restaurant;[eat and drink,restaurant,asian restaurant,cambodian restaurant];[cambodian_restaurant,asian_restaurant,restaurant,food_beverage,super_business];[Restaurant|Cambodian restaurant]
chinese_restaurant;[eat and drink,restaurant,asian restaurant,chinese restaurant];"[chinese_restaurant,asian_restaurant,restaurant,food_beverage,super_business];[anhui_restaurant,chinese_restaurant,asian_restaurant,restaurant,food_beverage,super_business];[beijing_restaurant,chinese_restaurant,asian_restaurant,restaurant,food_beverage,super_business];[cantonese_restaurant,chinese_restaurant,asian_restaurant,restaurant,food_beverage,super_business];[dongbei_restaurant,chinese_restaurant,asian_restaurant,restaurant,food_beverage,super_business];[fujian_restaurant,chinese_restaurant,asian_restaurant,restaurant,food_beverage,super_business];[guizhou_restaurant,chinese_restaurant,asian_restaurant,restaurant,food_beverage,super_business];[hainan_restaurant,chinese_restaurant,asian_restaurant,restaurant,food_beverage,super_business];[henan_restaurant,chinese_restaurant,asian_restaurant,restaurant,food_beverage,super_business];[hot_pot_restaurant,chinese_restaurant,asian_restaurant,restaurant,food_beverage,super_business];[huaiyang_restaurant,chinese_restaurant,asian_restaurant,restaurant,food_beverage,super_business];[hubei_restaurant,chinese_restaurant,asian_restaurant,restaurant,food_beverage,super_business];[hunan_restaurant,chinese_restaurant,asian_restaurant,restaurant,food_beverage,super_business];[imperial_restaurant,chinese_restaurant,asian_restaurant,restaurant,food_beverage,super_business];[jiangsu_restaurant,chinese_restaurant,asian_restaurant,restaurant,food_beverage,super_business];[jiangxi_restaurant,chinese_restaurant,asian_restaurant,restaurant,food_beverage,super_business];[macanese_restaurant,chinese_restaurant,asian_restaurant,restaurant,food_beverage,super_business];[manchu_restaurant,chinese_restaurant,asian_restaurant,restaurant,food_beverage,super_business];[shaanxi_restaurant,chinese_restaurant,asian_restaurant,restaurant,food_beverage,super_business];[shandong_restaurant,chinese_restaurant,asian_restaurant,restaurant,food_beverage,super_business];[shanghainese_restaurant,chinese_restaurant,asian_restaurant,restaurant,food_beverage,super_business];[shanxi_restaurant,chinese_restaurant,asian_restaurant,restaurant,food_beverage,super_business];[szechuan_sichuan Restaurant,chinese_restaurant,asian_restaurant,restaurant,food_beverage,super_business];[tianjin_restaurant,chinese_restaurant,asian_restaurant,restaurant,food_beverage,super_business];[xinjiang_restaurant,chinese_restaurant,asian_restaurant,restaurant,food_beverage,super_business];[yunnan_restaurant,chinese_restaurant,asian_restaurant,restaurant,food_beverage,super_business];[zhejiang_restaurant,chinese_restaurant,asian_restaurant,restaurant,food_beverage,super_business]";"[Restaurant|Chinese restaurant];[Restaurant|Chinese restaurant|Anhui];[Restaurant|Chinese restaurant|Beijing];[Restaurant|Chinese restaurant|Difang food];[Restaurant|Chinese restaurant|Fujian];[Restaurant|Chinese restaurant|Hot pot];[Restaurant|Chinese restaurant|Jiangsu];[Restaurant|Chinese restaurant|Qingzhen];[Restaurant|Chinese restaurant|Shandong];[Restaurant|Chinese restaurant|Zhejiang];[Restaurant|Chinese restaurant|Cantonese restaurant];[Restaurant|Chinese restaurant|Hainan restaurant];[Restaurant|Chinese restaurant|Hakka restaurant];[Restaurant|Chinese restaurant|Hunan restaurant];[Restaurant|Chinese restaurant|Pekinese restaurant];[Restaurant|Chinese restaurant|Shanghai restaurant];[Restaurant|Chinese restaurant|Szechuan restaurant]"
dim_sum_restaurant;[eat and drink,restaurant,asian restaurant,dim sum restaurant];[dim_sum_restaurant,chinese_restaurant,asian_restaurant,restaurant,food_beverage,super_business];[Restaurant|Chinese restaurant|Dim sum restaurant]
filipino_restaurant;[eat and drink,restaurant,asian restaurant,filipino restaurant];[filipino_restaurant,asian_restaurant,restaurant,food_beverage,super_business];[Restaurant|Filipino restaurant]
indo_chinese_restaurant;[eat and drink,restaurant,asian restaurant,indo chinese restaurant];[indo_chinese_restaurant,asian_restaurant,restaurant,food_beverage,super_business];[not_available]
indonesian_restaurant;[eat and drink,restaurant,asian restaurant,indonesian restaurant];"[indonesian_restaurant,asian_restaurant,restaurant,food_beverage,super_business];[acehnese_restaurant,indonesian_restaurant,asian_restaurant,restaurant,food_beverage,super_business];[balinese_restaurant,indonesian_restaurant,asian_restaurant,restaurant,food_beverage,super_business];[betawinese_restaurant,indonesian_restaurant,asian_restaurant,restaurant,food_beverage,super_business];[javanese_restaurant,indonesian_restaurant,asian_restaurant,restaurant,food_beverage,super_business];[manadonese_restaurant,indonesian_restaurant,asian_restaurant,restaurant,food_beverage,super_business];[padangnese_restaurant,indonesian_restaurant,asian_restaurant,restaurant,food_beverage,super_business];[sundanese_restaurant,indonesian_restaurant,asian_restaurant,restaurant,food_beverage,super_business]";"[Restaurant|Indonesian restaurant];[Restaurant|Tegal restaurant];[Restaurant|Indonesian restaurant|Padang restaurant][Restaurant|Soto restaurant]"
japanese_restaurant;[eat and drink,restaurant,asian restaurant,japanese restaurant];"[japanese_restaurant,asian_restaurant,restaurant,food_beverage,super_business];[donburi_restaurant,japanese_restaurant,asian_restaurant,restaurant,food_beverage,super_business];[kaiseki_restaurant,japanese_restaurant,asian_restaurant,restaurant,food_beverage,super_business];[kushikatsu_restaurant,japanese_restaurant,asian_restaurant,restaurant,food_beverage,super_business];[monjayaki_restaurant,japanese_restaurant,asian_restaurant,restaurant,food_beverage,super_business];[nabe_restaurant,japanese_restaurant,asian_restaurant,restaurant,food_beverage,super_business];[okonomiyaki_restaurant,japanese_restaurant,asian_restaurant,restaurant,food_beverage,super_business];[ramen_restaurant,japanese_restaurant,asian_restaurant,restaurant,food_beverage,super_business];[shabu_shabu_restaurant,japanese_restaurant,asian_restaurant,restaurant,food_beverage,super_business];[soba_restaurant,japanese_restaurant,asian_restaurant,restaurant,food_beverage,super_business];[sukiyaki_restaurant,japanese_restaurant,asian_restaurant,restaurant,food_beverage,super_business];[takoyaki_restaurant,japanese_restaurant,asian_restaurant,restaurant,food_beverage,super_business];[tempura_restaurant,japanese_restaurant,asian_restaurant,restaurant,food_beverage,super_business];[teppanyaki_restaurant,japanese_restaurant,asian_restaurant,restaurant,food_beverage,super_business];[tonkatsu_restaurant,japanese_restaurant,asian_restaurant,restaurant,food_beverage,super_business];[udon_restaurant,japanese_restaurant,asian_restaurant,restaurant,food_beverage,super_business];[unagi_restaurant,japanese_restaurant,asian_restaurant,restaurant,food_beverage,super_business];[wagashi_restaurant,japanese_restaurant,asian_restaurant,restaurant,food_beverage,super_business];[yakiniku_restaurant,japanese_restaurant,asian_restaurant,restaurant,food_beverage,super_business];[yakitori_restaurant,japanese_restaurant,asian_restaurant,restaurant,food_beverage,super_business];[yoshoku_restaurant,japanese_restaurant,asian_restaurant,restaurant,food_beverage,super_business]";"[Restaurant|Japanese restaurant];[Restaurant|Japanese restaurant|Nabe];[Restaurant|Japanese restaurant|Oden];[Restaurant|Japanese restaurant|Rice bowl dishes];[Restaurant|Japanese restaurant|Sukiyaki and shabu shabu];[Restaurant|Japanese restaurant|Tempura];[Restaurant|Japanese restaurant|Yakiniku];[Restaurant|Japanese restaurant|Yakitori];[Restaurant|Japanese restaurant|Izakaya restaurant];[Restaurant|Japanese restaurant|Japanese curry restaurant];[Restaurant|Japanese restaurant|Ramen restaurant];[Restaurant|Japanese restaurant|Teppanyaki restaurant]"
korean_restaurant;[eat and drink,restaurant,asian restaurant,korean restaurant];"[korean_restaurant,asian_restaurant,restaurant,food_beverage,super_business];[bossam_jokbal_restaurant,korean_restaurant,asian_restaurant,restaurant,food_beverage,super_business];[bunsik_restaurant,korean_restaurant,asian_restaurant,restaurant,food_beverage,super_business];[gukbap_restaurant,korean_restaurant,asian_restaurant,restaurant,food_beverage,super_business];[janguh_restaurant,korean_restaurant,asian_restaurant,restaurant,food_beverage,super_business][samgyetang_restaurant,korean_restaurant,asian_restaurant,restaurant,food_beverage,super_business]";[Restaurant|Korean restaurant]
sushi_restaurant;[eat and drink,restaurant,asian restaurant,sushi restaurant];[sushi_restaurant,japanese_restaurant,asian_restaurant,restaurant,food_beverage,super_business];"[Restaurant|Sushi bar];[Restaurant|Japanese restaurant|Conveyor belt sushi]"
laotian_restaurant;[eat and drink,restaurant,asian restaurant,laotian restaurant];[not_available];[Restaurant|Laotian restaurant]
malaysian_restaurant;[eat and drink,restaurant,asian restaurant,malaysian restaurant];[malaysian_restaurant,asian_restaurant,restaurant,food_beverage,super_business];"[Restaurant|Malaysian restaurant];[Restaurant|Malaysian restaurant|Mamak restaurant];[Restaurant|Malaysian restaurant|Nyonya restaurant]"
mongolian_restaurant;[eat and drink,restaurant,asian restaurant,mongolian restaurant];[mongolian_restaurant,asian_restaurant,restaurant,food_beverage,super_business];[Restaurant|Mongolian restaurant]
noodles_restaurant;[eat and drink,restaurant,asian restaurant,noodles restaurant];[noodle_house,asian_restaurant,restaurant,food_beverage,super_business];[Restaurant|Noodles]
singaporean_restaurant;[eat and drink,restaurant,asian restaurant,singaporean restaurant];[singaporian_restaurant,asian_restaurant,restaurant,food_beverage,super_business];[Restaurant|Singaporean restaurant]
taiwanese_restaurant;[eat and drink,restaurant,asian restaurant,taiwanese restaurant];[taiwanese_restaurant,asian_restaurant,restaurant,food_beverage,super_business];[Restaurant|Chinese Restaurant|Taiwanese restaurant]
thai_restaurant;[eat and drink,restaurant,asian restaurant,thai restaurant];[thai_restaurant,asian_restaurant,restaurant,food_beverage,super_business];[Restaurant|Thai restaurant]
vietnamese_restaurant;[eat and drink,restaurant,asian restaurant,vietnamese restaurant];"[vietnamese_restaurant,asian_restaurant,restaurant,food_beverage,super_business];[pho_restaurant,vietnamese_restaurant,asian_restaurant,restaurant,food_beverage,super_business]";[Restaurant|Vietnamese restaurant]
hong_kong_style_cafe;[eat and drink,restaurant,asian restaurant,hong kong style café];[hong_kong_restaurant,chinese_restaurant,asian_restaurant,restaurant,food_beverage,super_business];[Restaurant|Hong Kong style café]
australian_restaurant;[eat and drink,restaurant,australian restaurant];[australian_restaurant,restaurant,food_beverage,super_business];"[Restaurant|Australian restaurant];[Restaurant|Modern Australian restaurant]"
austrian_restaurant;[eat and drink,restaurant,austrian restaurant];[austrian_restaurant,restaurant,food_beverage,super_business];[Restaurant|Austrian restaurant]
bangladeshi_restaurant;[eat and drink,restaurant,bangladeshi restaurant];[bengali_bangladeshi_restaurant,indian_restaurant,restaurant,food_beverage,super_business];[Restaurant|Bangladeshi restaurant]
indian_restaurant;[eat and drink,restaurant,indian restaurant];"[indian_restaurant,restaurant,food_beverage,super_business];[andhra_restaurant,indian_restaurant,restaurant,food_beverage,super_business];[awadhi_restaurant,indian_restaurant,restaurant,food_beverage,super_business];[chaat_place,indian_restaurant,restaurant,food_beverage,super_business];[chettinad_restaurant,indian_restaurant,restaurant,food_beverage,super_business];[dhaba_restaurant,indian_restaurant,restaurant,food_beverage,super_business];[dosa_restaurant,indian_restaurant,restaurant,food_beverage,super_business];[goan_restaurant,indian_restaurant,restaurant,food_beverage,super_business];[gujarati_restaurant,indian_restaurant,restaurant,food_beverage,super_business];[hyderabadi_restaurant,indian_restaurant,restaurant,food_beverage,super_business];[indian_chinese_restaurant,indian_restaurant,restaurant,food_beverage,super_business];[irani_restaurant,indian_restaurant,restaurant,food_beverage,super_business];[jain_restaurant,indian_restaurant,restaurant,food_beverage,super_business];[karnataka_restaurant,indian_restaurant,restaurant,food_beverage,super_business];[kashmiri_restaurant,indian_restaurant,restaurant,food_beverage,super_business];[kerala_restaurant,indian_restaurant,restaurant,food_beverage,super_business];[maharashtrian_restaurant,indian_restaurant,restaurant,food_beverage,super_business];[mughalai_restaurant,indian_restaurant,restaurant,food_beverage,super_business];[north_indian_restaurant,indian_restaurant,restaurant,food_beverage,super_business];[parsi_restaurant,indian_restaurant,restaurant,food_beverage,super_business];[punjabi_restaurant,indian_restaurant,restaurant,food_beverage,super_business];[rajasthani_restaurant,indian_restaurant,restaurant,food_beverage,super_business];[south_indian_restaurant,indian_restaurant,restaurant,food_beverage,super_business];[tamilian_restaurant,indian_restaurant,restaurant,food_beverage,super_business];[udupi_restaurant,indian_restaurant,restaurant,food_beverage,super_business];[uttar_pradesh_restaurant,indian_restaurant,restaurant,food_beverage,super_business]";"[Restaurant|Indian restaurant];[Restaurant|Indian restaurant|Bengali];[Restaurant|Indian restaurant|Gujarati];[Restaurant|Indian restaurant|Maharashtrian];[Restaurant|Indian restaurant|Mess];[Restaurant|Indian restaurant|North indian];[Restaurant|Indian restaurant|South indian]"
basque_restaurant;[eat and drink,restaurant,basque restaurant];[basque_restaurant,restaurant,food_beverage,super_business];[Restaurant|Basque restaurant]
british_restaurant;[eat and drink,restaurant,british restaurant];[british_restaurant,restaurant,food_beverage,super_business];[Restaurant|British restaurant]
eastern_european_restaurant;[eat and drink,restaurant,eastern european restaurant];[eastern_european_restaurant,restaurant,food_beverage,super_business];[Restaurant|Eastern European restaurant]
belarusian_restaurant;[eat and drink,restaurant,eastern european restaurant,belarusian restaurant];[belarusian_restaurant,eastern_european_restaurant,restaurant,food_beverage,super_business];[not_available]
bulgarian_restaurant;[eat and drink,restaurant,eastern european restaurant,bulgarian restaurant];[bulgarian_restaurant,eastern_european_restaurant,restaurant,food_beverage,super_business];[Restaurant|Bulgarian restaurant]
romanian_restaurant;[eat and drink,restaurant,eastern european restaurant,romanian restaurant];[romanian_restaurant,eastern_european_restaurant,restaurant,food_beverage,super_business];[Restaurant|Romanian restaurant]
tatar_restaurant;[eat and drink,restaurant,eastern european restaurant,tatar restaurant];[tatar_restaurant,eastern_european_restaurant,restaurant,food_beverage,super_business];[not_available]
ukrainian_restaurant;[eat and drink,restaurant,eastern european restaurant,ukrainian restaurant];[ukrainian_restaurant,restaurant,food_beverage,super_business];[Restaurant|Ukrainian restaurant]
french_restaurant;[eat and drink,restaurant,french restaurant];[french_restaurant,restaurant,food_beverage,super_business];"[Restaurant|French restaurant];[Restaurant|French restaurant|Bourguignon];[Restaurant|French restaurant|Alsatian restaurant];[Restaurant|French restaurant|Auvergnat restaurant];[Restaurant|Brittany] ;[restaurant|Berrichon restaurant];[Restaurant|French restaurant|Mauritian restaurant];[Restaurant|French restaurant|Nicoise restaurant];[Restaurant|French restaurant|Provencal restaurant];[Restaurant|French restaurant|Reunion restaurant];[Restaurant|Corsican restaurant];[Restaurant|French southwest restaurant];[Restaurant|Lyonnais restaurant];[Restaurant|Normandy restaurant];[Restaurant|Occitan restaurant];[Restaurant|Savoyard restaurant]"
cajun_creole_restaurant;[eat and drink,restaurant,cajun_and_creole restaurant];[cajun_creole_restaurant,food_beverage,super_business];[Restaurant|Cajun/Creole restaurant]
canadian_restaurant;[eat and drink,restaurant,canadian restaurant];[canadian_restaurant,restaurant,food_beverage,super_business];[Restaurant|Canadian restaurant]
caribbean_restaurant;[eat and drink,restaurant,caribbean restaurant];[caribbean_restaurant,restaurant,food_beverage,super_business];[Restaurant|Caribbean restaurant]
dominican_restaurant;[eat and drink,restaurant,caribbean restaurant,dominican restaurant];[dominican_restaurant,caribbean_restaurant,restaurant,food_beverage,super_business];[Restaurant|Caribbean restaurant|Dominican restaurant]
haitian_restaurant;[eat and drink,restaurant,caribbean restaurant,haitian restaurant];[haitian_restaurant,caribbean_restaurant,restaurant,food_beverage,super_business];[Restaurant|Caribbean restaurant|Haitian restaurant]
jamaican_restaurant;[eat and drink,restaurant,caribbean restaurant,jamaican restaurant];[jamaican_restaurant,caribbean_restaurant,restaurant,food_beverage,super_business];[Restaurant|Jamaican restaurant]
trinidadian_restaurant;[eat and drink,restaurant,caribbean restaurant,trinidadian restaurant];[trinidadian_restaurant,caribbean_restaurant,restaurant,food_beverage,super_business];[Restaurant|Caribbean restaurant|Trinidadian restaurant]
german_restaurant;[eat and drink,restaurant,german restaurant];"[german_restaurant,restaurant,food_beverage,super_business];[baden_restaurant,german_restaurant,restaurant,food_beverage,super_business];[bavarian_restaurant,german_restaurant,restaurant,food_beverage,super_business];[hessian_restaurant,german_restaurant,restaurant,food_beverage,super_business];[palatine_restaurant,german_restaurant,restaurant,food_beverage,super_business];[saxon_restaurant,german_restaurant,restaurant,food_beverage,super_business];[swabian_restaurant,german_restaurant,restaurant,food_beverage,super_business]";"[Restaurant|German restaurant];[Restaurant|German restaurant|Baden];[Restaurant|German restaurant|Bavarian];[Restaurant|German restaurant|Eastern German];[Restaurant|German restaurant|Franconian];[Restaurant|German restaurant|Hessian];[Restaurant|German restaurant|Northern German];[Restaurant|German restaurant|Palatine];[Restaurant|German restaurant|Rhinelandian];[Restaurant|German restaurant|Swabian restaurant]]"
catalan_restaurant;[eat and drink,restaurant,catalan restaurant];[catalan_restaurant,restaurant,food_beverage,super_business];[Restaurant|Catalan restaurant]
italian_restaurant;[eat and drink,restaurant,italian restaurant];"[italian_restaurant,restaurant,food_beverage,super_business];[abruzzo_restaurant,italian_restaurant,restaurant,food_beverage,super_business];[aosta_restaurant,italian_restaurant,restaurant,food_beverage,super_business];[basilicata_restaurant,italian_restaurant,restaurant,food_beverage,super_business];[calabrian_restaurant,italian_restaurant,restaurant,food_beverage,super_business];[emilia_romagna_restaurant,italian_restaurant,restaurant,food_beverage,super_business];[friuli_venezia_giulia_restaurant,italian_restaurant,restaurant,food_beverage,super_business];[ligurian_restaurant,italian_restaurant,restaurant,food_beverage,super_business];[lombard_restaurant,italian_restaurant,restaurant,food_beverage,super_business];[marche_restaurant,italian_restaurant,restaurant,food_beverage,super_business];[molise_restaurant,italian_restaurant,restaurant,food_beverage,super_business];[neapolitan_restaurant,italian_restaurant,restaurant,food_beverage,super_business];[piedmont_restaurant,italian_restaurant,restaurant,food_beverage,super_business];[puglia_restaurant,italian_restaurant,restaurant,food_beverage,super_business];[roman_restaurant,italian_restaurant,restaurant,food_beverage,super_business];[sardinian_restaurant,italian_restaurant,restaurant,food_beverage,super_business];[sicilian_restaurant,italian_restaurant,restaurant,food_beverage,super_business];[south_tyrolean_restaurant,italian_restaurant,restaurant,food_beverage,super_business];[trentino_alto_adige_restaurant,italian_restaurant,restaurant,food_beverage,super_business];[tuscan_restaurant,italian_restaurant,restaurant,food_beverage,super_business];[umbrian_restaurant,italian_restaurant,restaurant,food_beverage,super_business];[venetian_restaurant,italian_restaurant,restaurant,food_beverage,super_business]";"[Restaurant|Italian restaurant];[Restaurant|Trattoria Restaurant];[Restaurant|Italian restaurant|Apulian];[Restaurant|Italian restaurant|Ligurian];[Restaurant|Italian restaurant|Napolitana];[Restaurant|Italian restaurant|Piemonte];[Restaurant|Italian restaurant|Roman];[Restaurant|Italian restaurant|Sardinian];[Restaurant|Italian restaurant|Sicilian];[Restaurant|Italian restaurant|Tuscan];[Restaurant|Italian restaurant|Venetian];[Restaurant|Italian restaurant|Calabrian restaurant];[Restaurant|Parma]"
czech_restaurant;[eat and drink,restaurant,czech restaurant];[czech_restaurant,restaurant,food_beverage,super_business];[Restaurant|Czech restaurant]
mediterranean_restaurant;[eat and drink,restaurant,mediterranean restaurant];[mediterranean_restaurant,restaurant,food_beverage,super_business];[Restaurant|Mediterranean restaurant|]
greek_restaurant;[eat and drink,restaurant,mediterranean restaurant,greek restaurant];[greek_restaurant,mediterranean_restaurant,restaurant,food_beverage,super_business];[Restaurant|Greek restaurant]
guamanian_restaurant;[eat and drink,restaurant,guamanian restaurant];[not_available];[Restaurant|Guamanian restaurant]
hawaiian_restaurant;[eat and drink,restaurant,hawaiian restaurant];[hawaiian_restaurant,restaurant,food_beverage,super_business];[Restaurant|Hawaiian restaurant]
himalayan_nepalese_restaurant;[eat and drink,restaurant,himalayan nepalese restaurant];"[himalayan_restaurant,restaurant,food_beverage,super_business];[nepalese_restaurant,restaurant,food_beverage,super_business]";[Restaurant|Himalayan/Nepalese restaurant]
hungarian_restaurant;[eat and drink,restaurant,hungarian restaurant];[hungarian_restaurant,restaurant,food_beverage,super_business];[Restaurant|Hungarian restaurant]
iberian_restaurant;[eat and drink,restaurant,iberian restaurant];[iberian_restaurant,restaurant,food_beverage,super_business];[Restaurant|Iberian restaurant]
irish_restaurant;[eat and drink,restaurant,irish restaurant];[irish_restaurant,restaurant,food_beverage,super_business];[Restaurant|Irish restaurant]
jewish_restaurant;[eat and drink,restaurant,jewish restaurant];[not_available];[Restaurant|Jewish restaurant]
international_restaurant;[eat and drink,restaurant,international restaurant];[not_available];[Restaurant|International restaurant]
european_restaurant;[eat and drink,restaurant,european restaurant];"[european_restaurant,restaurant,food_beverage,super_business];[modern_european_restaurant,restaurant,food_beverage,super_business]";[Restaurant|Modern european restaurant]
oriental_restaurant;[eat and drink,restaurant,oriental restaurant];[not_available];[Restaurant|Oriental restaurant]
pakistani_restaurant;[eat and drink,restaurant,pakistani restaurant];[pakistani_restaurant,restaurant,food_beverage,super_business];[Restaurant|Pakistani restaurant]
polish_restaurant;[eat and drink,restaurant,polish restaurant];[polish_restaurant,restaurant,food_beverage,super_business];[Restaurant|Polish restaurant]
polynesian_restaurant;[eat and drink,restaurant,polynesian restaurant];[polynesian_restaurant,restaurant,food_beverage,super_business];[Restaurant|Polynesian restaurant]
portuguese_restaurant;[eat and drink,restaurant,portuguese restaurant];[portuguese_restaurant,restaurant,food_beverage,super_business];[Restaurant|Portuguese restaurant]
russian_restaurant;[eat and drink,restaurant,russian restaurant];[russian_restaurant,restaurant,food_beverage,super_business];[Restaurant|Russian restaurant]
scandinavian_restaurant;[eat and drink,restaurant,scandinavian restaurant];[scandinavian_restaurant,restaurant,food_beverage,super_business];[Restaurant|Scandinavian restaurant]
danish_restaurant;[eat and drink,restaurant,scandinavian restaurant,danish restaurant];[not_available];[Restaurant|Danish restaurant]
norwegian_restaurant;[eat and drink,restaurant,scandinavian restaurant,norwegian restaurant];[not_available];[Restaurant|Traditional Norwegian restaurant]
scottish_restaurant;[eat and drink,restaurant,scottish restaurant];[scottish_restaurant,restaurant,food_beverage,super_business];[Restaurant|Scottish restaurant]
seafood_restaurant;[eat and drink,restaurant,seafood restaurant];[seafood_restaurant,restaurant,food_beverage,super_business];[Restaurant|Seafood restaurant]
serbo_croation_restaurant;[eat and drink,restaurant,serbo croatian restaurant];[not_available];[Restaurant|Serbo Croatian restaurant]
slovakian_restaurant;[eat and drink,restaurant,slovakian restaurant];[slovakian_restaurant,restaurant,food_beverage,super_business];[Restaurant|Slovakian restaurant]
southern_restaurant;[eat and drink,restaurant,southern restaurant];[southern_restaurant,restaurant,food_beverage,super_business];[Restaurant|Southern restaurant]
spanish_restaurant;[eat and drink,restaurant,spanish restaurant];[spanish_restaurant,restaurant,food_beverage,super_business];[Restaurant|Spanish restaurant]
sri_lankan_restaurant;[eat and drink,restaurant,sri lankan restaurant];[sri_lankan_restaurant,restaurant,food_beverage,super_business];[Restaurant|Sri Lankan restaurant]
swiss_restaurant;[eat and drink,restaurant,swiss restaurant];[swiss_lankan_restaurant,restaurant,food_beverage,super_business];[Restaurant|Swiss restaurant]
uzbek_restaurant;[eat and drink,restaurant,uzbek restaurant];[uzbek_restaurant,restaurant,food_beverage,super_business];[Restaurant|Uzbek restaurant]
molecular_gastronomy_restaurant;[eat and drink,restaurant,molecular gastronomy restaurant];[molecular_gastronomy_restaurant,restaurant,food_beverage,super_business];[not_available]
haute_cuisine_restaurant;[eat and drink,restaurant,haute cuisine restaurant];[not_available];[Restaurant|Haute restaurant]
salad_bar;[eat and drink,restaurant,salad bar];[salad_bar,restaurant,food_beverage,super_business];[Restaurant|Salad]
brasserie;[eat and drink,restaurant,brasserie];[not_available];[Restaurant|Brasserie restaurant]
buffet_restaurant;[eat and drink,restaurant,buffet restaurant];[buffet_restaurant,restaurant,food_beverage,super_business];[Restaurant|Buffet restaurant]
barbecue_restaurant;[eat and drink,restaurant,barbecue restaurant];[barbecue_restaurant,restaurant,food_beverage,super_business];[Restaurant|Barbecue restaurant]
burger_restaurant;[eat and drink,restaurant,burger restaurant];[burger_restaurant,restaurant,food_beverage,super_business];[Restaurant|Burgers restaurant]
canteen;[eat and drink,restaurant,canteen];[not_available];[Restaurant|Canteen]
cafetaria;[eat and drink,restaurant,cafetaria];[cafetaria,food_beverage,super_business];[Restaurant|Cafeteria]
cheesesteak_restaurant;[eat and drink,restaurant,cheesesteak restaurant];[not_available];[Restaurant|Cheesesteak restaurant]
chicken_restaurant;[eat and drink,restaurant,chicken restaurant];[chicken_restaurant,restaurant,food_beverage,super_business];[Restaurant|Chicken restaurant]
chicken_wings_restaurant;[eat and drink,restaurant,chicken wings restaurant];[not_available];[Restaurant|Chicken wings restaurant]
dog_meat_restaurant;[eat and drink,restaurant,dog meat restaurant];[not_available];[Restaurant|Dog meat restaurant]
dumpling_restaurant;[eat and drink,restaurant,dumpling restaurant];[not_available];[Restaurant|Dumpling restaurant]
fast_food_restaurant;[eat and drink,restaurant,fast food restaurant];[fast_food_restaurant,restaurant,food_beverage,super_business];[Restaurant|Fast food restaurant]
fishchbroetchen_restaurant;[eat and drink,restaurant,fischbroetchen restaurant];[not_available];[Restaurant|Fischbroetchen restaurant]
acai_bowls;[eat and drink,restaurant,acai bowls];[not_available];[Restaurant|Acai bowls]
fish_and_chips_restaurant;[eat and drink,restaurant,fish and chips restaurant];[fish_chips_shop,restaurant,food_beverage,super_business];[Restaurant|Fish & chips restaurant]
fondue_restaurant;[eat and drink,restaurant,fondue restaurant];[fondue_restaurant,restaurant,food_beverage,super_business];[Restaurant|Fondue restaurant]
gluten_free_restaurant;[eat and drink,restaurant,gluten free restaurant];[glutenfree_restaurant,restaurant,food_beverage,super_business];[Restaurant|Gluten-free restaurant]
baozi_restaurant;[eat and drink,restaurant,baozi restaurant];[not_available];[Restaurant|Baozi]
halal_restaurant;[eat and drink,restaurant,halal restaurant];[halal_restaurant,restaurant,food_beverage,super_business];[Restaurant|Halal restaurant]
bistro;[eat and drink,restaurant,bistro];[not_available];[Restaurant|Bistro]
health_food_restaurant;[eat and drink,restaurant,health food restaurant];[health_food,restaurant,food_beverage,super_business];[Restaurant|Health food restaurant]
kosher_restaurant;[eat and drink,restaurant,kosher restaurant];[kosher_restaurant,restaurant,food_beverage,super_business];[Restaurant|Kosher restaurant]
comfort_food_restaurant;[eat and drink,restaurant,comfort food restaurant];[comfort_food_restaurant,restaurant,food_beverage,super_business];[Restaurant|Comfort food]
meat_restaurant;[eat and drink,restaurant,meat restaurant];[not_available];[Restaurant|Meat restaurant]
curry_sausage_restaurant;[eat and drink,restaurant,curry sausage restaurant];[not_available];[Restaurant|Curry sausage]
diner;[eat and drink,restaurant,diner];[diner,restaurant,food_beverage,super_business];[Restaurant|Diner]
diy_foods_restaurant;[eat and drink,restaurant,diy foods restaurant];[not_available];[Restaurant|DIY foods]
doner_kebab;[eat and drink,restaurant,doner kebab];[kebab_shop,turkish_restaurant,middle_eastern_restaurant,restaurant,food_beverage,super_business];"[Restaurant|Doner kebab];[Restaurant|Kebab];[Restaurant|Donair]"
empanadas;[eat and drink,restaurant,empanadas];[not_available];[Restaurant|Empanadas]
nasi_restaurant;[eat and drink,restaurant,nasi restaurant];[not_available];[Restaurant|Nasi restaurant]
food_court;[eat and drink,restaurant,food court];[not_available];[Restaurant|Food court]
gastropub;[eat and drink,restaurant,gastropub];[gastropub,restaurant,food_beverage,super_business];[Restaurant|Gastropub]
pizza_restaurant;[eat and drink,restaurant,pizza restaurant];[pizza_place,restaurant,food_beverage,super_business];[Restaurant|Pizza restaurant]
pop_up_restaurant;[eat and drink,restaurant,pop up restaurant];[not_available];[Restaurant|Pop-up restaurants restaurant]
poutinerie_restaurant;[eat and drink,restaurant,poutinerie restaurant];[not_available];[Restaurant|Poutinerie restaurant]
vegan_restaurant;[eat and drink,restaurant,vegan restaurant];[not_available];[Restaurant|Vegan restaurant]
vegetarian_restaurant;[eat and drink,restaurant,vegetarian restaurant];[vegetarian_vegan_restaurant,restaurant,food_beverage,super_business];[Restaurant|Vegetarian restaurant]
wok_restaurant;[eat and drink,restaurant,wok restaurant];[not_available];[Restaurant|Wok restaurant]
wrap_restaurant;[eat and drink,restaurant,wrap restaurant];[not_available];[Restaurant|Vegan restaurant]
piadina_restaurant;[eat and drink,restaurant,piadina restaurant];[not_available];[Restaurant|Piadina]
poke;[eat and drink,restaurant,poke restaurant];[hawaiian_restaurant,restaurant,food_beverage,super_business];[Restaurant|Poke]
pigs_trotters_restaurant;[eat and drink,restaurant,pigs trotters restaurant];[not_available];[Restaurant|Pigs trotters]
potato_restaurant;[eat and drink,restaurant,potato restaurant];[not_available];[Restaurant|Potato]
rotisserie_chicken_restaurant;[eat and drink,restaurant,rotisserie chicken restaurant];[not_available];[Restaurant|Rotisserie chicken]
schnitzel_restaurant;[eat and drink,restaurant,schnitzel restaurant];[not_available];[Restaurant|Schnitzel]
soul_food;[eat and drink,restaurant,soul food];[soul_food_restaurant,restaurant,food_beverage,super_business];[Restaurant|Soul food]
steakhouse;[eat and drink,restaurant,steakhouse];[steakhouse,restaurant,food_beverage,super_business];[Restaurant|Steakhouse]
tapas_bar;[eat and drink,restaurant,tapas bar];[tapas_bar_restaurant,restaurant,food_beverage,super_business];"[Restaurant|Tapas bar];[Restaurant|Tapas/small plates]"
venison_restaurant;[eat and drink,restaurant,venison restaurant];[not_available];[Restaurant|Venison]
wild_game_meats_restaurant;[eat and drink,restaurant,wild game meats restaurant];[not_available];[Restaurant|Wild game meats]
falafel_restaurant;[eat and drink,restaurant,falafel restaurant];[not_available];[Restaurant|Mediterranean restaurant|Falafel restaurant]
taco_restaurant;[eat and drink,restaurant,taco restaurant];[taco_restaurant,restaurant,food_beverage,super_business];[Restaurant|Mexican restaurant|Taco restaurant]
hot_dog_restaurant;[eat and drink,restaurant,hot dog restaurant];[hot_dog_joint,restaurant,food_beverage,super_business];[Restaurant|Hot dog]
live_and_raw_food_restaurant;[eat and drink,restaurant,live and raw food restaurant];[live_raw_food_restaurant,restaurant,food_beverage,super_business];[Restaurant|Live/raw food]
soup_restaurant;[eat and drink,restaurant,soup restaurant];[soup_restaurant,restaurant,food_beverage,super_business];[Restaurant|Soup]
theme_restaurant;[eat and drink,restaurant,theme restaurant];[theme_restaurant,restaurant,food_beverage,super_business];[Restaurant|Parent cafe]
bar_and_grill_restaurant;[eat and drink,restaurant,bar and grill restaurant];[bar_grill,restaurant,food_beverage,super_business];[not_available]
meatball_restaurant;[eat and drink,restaurant,meatball restaurant];[not_available];[Restaurant|Meatball]
waffle_restaurant;[eat and drink,restaurant,waffle restaurant];[not_available];[Restaurant|Waffle restaurant]
breakfast_and_brunch_restaurant;[eat and drink,restaurant,breakfast and brunch restaurant];[breakfast_brunch_restaurant,restaurant,food_beverage,super_business];[Restaurant|Breakfast & Brunch restaurant]
pancake_house;[eat and drink,restaurant,breakfast and brunch restaurant,pancake house];[creperie,restaurant,food_beverage,super_business];"[Restaurant|Breakfast & Brunch restaurant|Pancake house];[Restaurant|Creperie]"
bagel_restaurant;[eat and drink,restaurant,breakfast and brunch restaurant,bagel restaurant];[not_available];[Restaurant|Bagel]
baguettes;[eat and drink,restaurant,breakfast and brunch restaurant,baguettes];[not_available];[Restaurant|Baguettes]
bar;[eat and drink,bar];[topic_bar,food_beverage,super_business];[Restaurant|Bar]
airport_lounge;[eat and drink,bar,airport lounge];[airport_lounge,transportation_terminal,travel_transportation,super_business];[Restaurant|Bar|Airport lounge]
beach_bar;[eat and drink,bar,beach bar];[not_available];[Restaurant|Bar|Beach bar]
beer_bar;[eat and drink,bar,beer bar];[beer_bar,topic_bar,food_beverage,super_business];"[Restaurant|Bar|Beer bar];[Restaurant|Beer hall]"
beer_garden;[eat and drink,bar,beer garden];[beer_garden,topic_bar,food_beverage,super_business];[Restaurant|Beer garden]
bar;[eat and drink,bar,brewery];[brewery,food_beverage,super_business];[Restaurant|Brewery]
bubble_tea;[eat and drink,bar,bubble tea];[bubble_tea_shop,food_beverage,super_business];[Restaurant|Bubble tea]
champagne_bar;[eat and drink,bar,champagne bar];[champagne_bar,topic_bar,food_beverage,super_business];[Restaurant|Bar|Champagne bar]
cidery;[eat and drink,bar,cidery];[not_available];[Restaurant|Cidery]
cigar_bar;[eat and drink,bar,cigar bar];[not_available];[Restaurant|Bar|Cigar bar]
cocktail_bar;[eat and drink,bar,cocktail bar];[cocktail_bar,topic_bar,food_beverage,super_business];[Restaurant|Bar|Cocktail bar]
dive_bar;[eat and drink,bar,dive bar];[dive_bar,topic_bar,food_beverage,super_business];[Restaurant|Bar|Dive bar]
drive_thru_bar;[eat and drink,bar,drive thru bar];[not_available];[Restaurant|Bar|Drive-thru bar]
gay_bar;[eat and drink,bar,gay bar];[gay_bar,topic_bar,food_beverage,super_business];[Restaurant|Bar|Gay bar]
hookah_bar;[eat and drink,bar,hookah bar];[hookah_lounge,topic_bar,food_beverage,super_business];[Restaurant|Bar|Hookah bar]
hotel_bar;[eat and drink,bar,hotel bar];[hotel_bar,topic_bar,food_beverage,super_business];[not_available]
irish_pub;[eat and drink,bar,irish pub];[irish_pub,topic_bar,food_beverage,super_business];[Restaurant|Bar|Irish pub]
kombucha;[eat and drink,bar,kombucha];[not_available];[Restaurant|Kombucha]
lounge;[eat and drink,bar,lounge];[lounge,topic_bar,food_beverage,super_business];[Restaurant|Bar|Lounge]
milk_bar;[eat and drink,bar,milk bar];[not_available];[Restaurant|Milk bar]
milkshake_bar;[eat and drink,bar,milkshake bar];[not_available];[Restaurant|Milkshake bar]
pub;[eat and drink,bar,pub];[pub,topic_bar,food_beverage,super_business];"[Restaurant|Bar|Pub];[Restaurant|Pub food]"
sake_bar;[eat and drink,bar,sake bar];[sake_bar,topic_bar,food_beverage,super_business];[not_available]
speakeasy;[eat and drink,bar,speakeasy];[speakeasy,topic_bar,food_beverage,super_business];[Restaurant|Bar|Speakeasy]
sports_bar;[eat and drink,bar,sports bar];[sports_bar,topic_bar,food_beverage,super_business];[Restaurant|Bar|Sports bar]
sugar_shack;[eat and drink,bar,sugar shack];[not_available];[Restaurant|Sugar shack]
tabac;[eat and drink,bar,tabac];[not_available];[Restaurant|Bar|Tabac]
tiki_bar;[eat and drink,bar,tiki bar];[tiki_bar,topic_bar,food_beverage,super_business];[Restaurant|Bar|Tiki bar]
vermouth_bar;[eat and drink,bar,vermouth bar];[not_available];[Restaurant|Bar|Vermouth bar]
whiskey_bar;[eat and drink,bar,whiskey bar];[whisky_bar,topic_bar,food_beverage,super_business];[Restaurant|Bar|Whiskey bar]
wine_bar;[eat and drink,bar,wine bar];[wine_bar,topic_bar,food_beverage,super_business];[Restaurant|Bar|Wine bar]
smoothie_juice_bar;[eat and drink,bar,smoothie juice bar];[smoothie_juice_bar,food_beverage,super_business];[Restaurant|Juice/smoothie bar]
piano_bar;[eat and drink,bar,piano bar];[not_available];[Restaurant|Piano bar]
cafe;[eat and drink,cafe];[cafe,food_beverage,super_business];"[Restaurant|Café];[Restaurant|Coffee & tea]"
coffee_roastery;[eat and drink,cafe,coffee roastery];[not_available];[Restaurant|Coffee roastery]
tea_room;[eat and drink,cafe,tea room];[tea_room,cafe,food_beverage,super_business];[Restaurant|Tea room]
accommodation;[accommodation];[hotel_lodging,super_business];[Accommodation]
bed_and_breakfast;[accommodation,bed_and_breakfast];[bed_and_breakfast,hotel_lodging,super_business];[Accommodation|Bed & breakfast]
cabin;[accommodation,cabin];[cabin,hotel_lodging,super_business];[Accommodation|Cabin]
campground;[accommodation,campground];[campground,hotel_lodging,super_business];[Travel|Campground]
cottage;[accommodation,cottage];[cottage,hotel_lodging,super_business];[not_available]
guest_house;[accommodation,guest_house];[not_available];[Accommodation|Guest house]
health_retreats;[accommodation,health_retreats];[not_available];[Accommodation|Health retreats]
holiday_rental_home;[accommodation,holiday_rental_home];[vacation_home_rental,hotel_lodging,super_business];[Vacation rentals]
hostel;[accommodation,hostel];[hostel,hotel_lodging,super_business];[Accommodation|Hostel]
hotel;[accommodation,hotel];[topic_hotel,hotel_lodging,super_business];[Accommodation|Hotel]
inn;[accommodation,inn];[inn,hotel_lodging,super_business];[Accommodation|Inn]
lodge;[accommodation,lodge];[lodge,hotel_lodging,super_business];[Accommodation|Lodge]
motel;[accommodation,motel];[motel,hotel_lodging,super_business];[Accommodation|Motel]
mountain_huts;[accommodation,mountain_huts];[not_available];[Accommodation|Mountain huts]
resort;[accommodation,resort];[resort,topic_hotel,hotel_lodging,super_business];[Accommodation|Resort]
beach_resort;[accommodation,resort,beach_resort];[beach_resort,topic_hotel,hotel_lodging,super_business];[not_available]
rv_park;[accommodation,rv_park];[rv_park,hotel_lodging,super_business];[Travel|RV parks]
service_apartments;[accommodation,service_apartments];[service_apartments,hotel_lodging,super_business];[not_available]
